City_ID,City,Lat,Lng,Max Temp,Humidity,Cloudiness,Wind Speed,Country,Date
0,san luis de la loma,17.2706,-100.8939,26.24,87,100,2.9,MX,1696213072
1,igarka,67.4667,86.5833,-4.13,77,27,3.43,RU,1696213072
2,dzagam,40.9033,45.8856,16.85,83,100,0.61,AZ,1696213074
3,pontianak,-0.0333,109.3333,26.99,78,20,2.06,ID,1696213074
4,jinghong,21.991,100.7341,25.46,81,57,0.96,CN,1696213015
5,ankazoabo,-22.2833,44.5167,18.58,83,0,2.6,MG,1696213075
6,ushuaia,-54.8,-68.3,1.81,75,40,8.75,AR,1696213075
7,alofi,-19.0595,-169.9187,23.94,64,100,9.77,NU,1696213075
8,kismayo,-0.3582,42.5454,25.34,77,2,5.55,SO,1696213075
9,bredasdorp,-34.5322,20.0403,9.93,88,5,1.74,ZA,1696213076
10,port elizabeth,-33.918,25.5701,15.16,80,0,5.66,ZA,1696213076
11,hamilton,39.1834,-84.5333,21.89,79,0,0.45,US,1696213076
12,college,64.8569,-147.8028,6.71,72,100,2.57,US,1696212941
13,edinburgh of the seven seas,-37.0676,-12.3116,10.2,61,96,9.64,SH,1696213077
14,waitangi,-43.9535,-176.5597,14.34,88,65,3.13,NZ,1696213078
15,west island,-12.1568,96.8225,25.99,73,40,8.23,CC,1696213078
16,ngaoundere,7.3167,13.5833,18.79,97,99,0.34,CM,1696213078
17,port-aux-francais,-49.35,70.2167,3.72,85,100,20.66,TF,1696213079
18,puerto ayora,-0.7393,-90.3518,22.53,97,100,1.79,EC,1696213079
19,mawu,29.5923,107.3139,20.73,91,100,0.63,CN,1696213079
20,evans,33.5337,-82.1307,19.21,85,0,2.27,US,1696213068
21,sao miguel do araguaia,-13.275,-50.1628,30.78,30,36,1.45,BR,1696213080
22,praia da vitoria,38.7333,-27.0667,19.31,77,20,3.37,PT,1696213080
23,grytviken,-54.2811,-36.5092,2.15,93,11,5.14,GS,1696213081
24,el nido,11.1858,119.3956,28.99,78,100,7.45,PH,1696213081
25,margate,51.3813,1.3862,16.28,93,97,3.79,GB,1696213081
26,utrik,11.2278,169.8474,28.6,78,100,6.41,MH,1696213082
27,adamstown,-25.066,-130.1015,20.51,79,19,11.46,PN,1696213082
28,hithadhoo,-0.6,73.0833,27.8,73,9,6.36,MV,1696213082
29,port mathurin,-19.6833,63.4167,23.09,79,10,6.77,MU,1696213083
30,kill devil hills,36.0307,-75.676,21.66,78,0,3.09,US,1696213083
31,kharan,28.5833,65.4167,20.75,16,0,1.95,PK,1696213083
32,palmer,42.1584,-72.3287,18.21,84,0,1.54,US,1696212969
33,swan hill,-35.3378,143.5544,28.93,19,50,7.75,AU,1696213084
34,yuzhno-kurilsk,44.0306,145.8556,17.99,57,7,5.76,RU,1696213085
35,markapur,15.7333,79.2833,25.78,73,100,4.98,IN,1696213085
36,port hedland,-20.3167,118.5667,36.03,13,0,3.6,AU,1696213085
37,blackmans bay,-43.0167,147.3167,20.41,37,79,3.16,AU,1696213086
38,viedma,-40.8135,-62.9967,13.7,55,100,7.85,AR,1696212579
39,stanley,54.868,-1.6985,12.1,93,100,2.03,GB,1696213086
40,maceio,-9.6658,-35.7353,20.69,100,0,2.06,BR,1696213087
41,canutama,-6.5339,-64.3831,29.54,47,100,0.55,BR,1696213087
42,masterton,-40.9597,175.6575,13.27,88,98,8.59,NZ,1696213087
43,prineville,44.2999,-120.8345,12.39,53,0,2.06,US,1696213088
44,wynyard,-41.0,145.7167,13.37,66,21,5.0,AU,1696213088
45,bilibino,68.0546,166.4372,-1.14,84,100,2.59,RU,1696213088
46,fale old settlement,-9.3852,-171.2468,27.7,78,27,5.18,TK,1696213089
47,constantia,44.1833,28.65,15.39,50,60,8.48,RO,1696213089
48,invercargill,-46.4,168.35,7.79,83,100,8.49,NZ,1696213089
49,olonkinbyen,70.9221,-8.7187,-0.09,86,100,7.83,SJ,1696213090
50,nar'yan-mar,67.6713,53.087,10.62,96,84,3.58,RU,1696213090
51,gagliano del capo,39.8442,18.3695,19.68,77,9,6.17,IT,1696212846
52,burang,30.25,81.1667,5.67,68,4,2.01,CN,1696213091
53,bondo,3.8146,23.6866,19.93,98,100,0.77,CD,1696213091
54,minas de marcona,-15.2119,-75.1103,14.38,86,52,5.5,PE,1696213091
55,spring creek,40.7266,-115.5859,8.23,77,100,2.01,US,1696213092
56,bamboo flat,11.7,92.7167,27.05,89,100,5.14,IN,1696213092
57,longyearbyen,78.2186,15.6401,-3.09,63,75,9.77,SJ,1696213092
58,queenstown,-31.8976,26.8753,7.15,84,22,1.16,ZA,1696212911
59,kodiak,57.79,-152.4072,11.73,66,75,2.57,US,1696213093
60,woodland park,40.8898,-74.1949,21.58,84,0,1.54,US,1696213093
61,sanctuary point,-35.1114,150.629,22.77,54,4,5.3,AU,1696213094
62,badiyah,22.45,58.8,26.47,41,34,1.15,OM,1696213094
63,pamanukan,-6.2842,107.8106,30.77,42,84,2.5,ID,1696213094
64,hawaiian paradise park,19.5933,-154.9731,27.73,78,100,3.09,US,1696213095
65,albany,42.6001,-73.9662,18.22,89,5,2.16,US,1696212917
66,san patricio,28.017,-97.5169,27.69,78,2,5.16,US,1696213095
67,tiksi,71.6872,128.8694,-5.55,79,17,1.56,RU,1696213096
68,tra vinh,9.9347,106.3453,25.76,88,100,3.05,VN,1696213096
69,kristiansund,63.1115,7.732,9.36,93,75,0.51,NO,1696213096
70,bethel,41.3712,-73.414,18.93,84,0,0.0,US,1696213097
71,pasni,25.2631,63.471,27.41,52,0,4.32,PK,1696213097
72,jayapura,-2.5333,140.7,31.66,74,22,2.43,ID,1696213097
73,abu al matamir,30.9102,30.1744,22.03,68,100,2.1,EG,1696213098
74,anadyr,64.75,177.4833,4.28,48,0,5.0,RU,1696213098
75,lompoc,34.6391,-120.4579,17.79,84,0,2.06,US,1696212803
76,korla,41.7597,86.1469,18.25,32,0,4.51,CN,1696213099
77,puerto natales,-51.7236,-72.4875,2.19,79,95,3.95,CL,1696213099
78,atafu village,-8.5421,-172.5159,28.95,68,35,2.87,TK,1696213100
79,carnarvon,-24.8667,113.6333,21.18,63,58,6.35,AU,1696213100
80,kapuskasing,49.4169,-82.4331,17.05,88,100,3.09,CA,1696213101
81,protaras,35.0125,34.0583,21.11,79,0,3.98,CY,1696212904
82,nova vicosa,-17.8919,-39.3719,21.89,77,97,3.11,BR,1696213101
83,pechora,65.1472,57.2244,11.03,94,100,4.02,RU,1696213102
84,antsiranana,-12.2787,49.2917,22.02,91,83,3.78,MG,1696213102
85,nagqu,31.5,92.0,3.85,87,100,3.12,CN,1696213102
86,lorengau,-2.0226,147.2712,30.3,64,54,1.44,PG,1696213103
87,arua,3.0201,30.9111,17.18,96,99,1.04,UG,1696213104
88,uturoa,-16.7333,-151.4333,25.98,81,13,7.05,PF,1696213104
89,usinsk,65.9939,57.5281,9.48,94,82,7.15,RU,1696213105
90,jamestown,42.097,-79.2353,17.8,89,100,1.54,US,1696213105
91,rikaze,29.25,88.8833,13.85,45,71,0.73,CN,1696213105
92,mejit,10.2753,170.8646,28.41,77,99,6.59,MH,1696213106
93,nemuro,43.3236,145.575,16.99,71,0,2.58,JP,1696213106
94,flying fish cove,-10.4217,105.6791,25.82,78,75,6.17,CX,1696213106
95,yaren,-0.5472,166.916,29.05,72,5,1.49,NR,1696213107
96,isafjordur,66.0755,-23.124,5.32,95,100,10.96,IS,1696213107
97,port macquarie,-31.4333,152.9167,24.1,56,8,5.39,AU,1696212942
98,papatowai,-46.5619,169.4708,6.08,95,100,14.77,NZ,1696213108
99,mili,6.0815,171.735,28.83,71,99,1.81,MH,1696213108
100,padang,-0.9492,100.3543,29.03,83,100,2.16,ID,1696213060
101,hermanus,-34.4187,19.2345,13.55,64,0,3.8,ZA,1696212951
102,north bend,43.4065,-124.2243,14.03,94,0,5.66,US,1696213109
103,manokwari,-0.8667,134.0833,28.8,72,90,3.75,ID,1696213110
104,enewetak,11.3474,162.3373,29.19,74,88,3.9,MH,1696213110
105,kingston,17.997,-76.7936,28.53,88,20,4.63,JM,1696213017
106,afaahiti,-17.75,-149.2833,27.93,87,18,6.34,PF,1696213111
107,chapaev,50.2,51.1667,12.64,60,100,2.91,KZ,1696213111
108,iqaluit,63.7506,-68.5145,2.85,93,100,2.06,CA,1696213111
109,moree,-29.4667,149.85,30.61,24,34,4.49,AU,1696213112
110,katsuura,35.1333,140.3,23.3,65,100,8.13,JP,1696213112
111,udachny,66.4167,112.4,-0.86,100,100,10.26,RU,1696213112
112,markaz-e hukumat-e darweshan,31.1323,64.1934,16.28,17,1,2.78,AF,1696213113
113,sisimiut,66.9395,-53.6735,0.25,71,91,2.97,GL,1696213113
114,ribeira grande,38.5167,-28.7,19.87,74,100,2.24,PT,1696213113
115,lazaro cardenas,17.9583,-102.2,28.34,85,63,1.98,MX,1696213114
116,bukama,-9.2,25.85,23.39,75,48,0.87,CD,1696213114
117,warrnambool,-38.3833,142.4833,20.57,47,0,4.35,AU,1696213114
118,thompson,55.7435,-97.8558,3.09,100,100,3.6,CA,1696213115
119,stornoway,58.2093,-6.3865,12.27,82,55,6.17,GB,1696213115
120,isiro,2.7739,27.616,19.61,99,100,0.4,CD,1696213115
121,klyuchi,52.2667,79.1667,5.92,79,0,2.5,RU,1696213116
122,mamuju,-2.6748,118.8885,29.89,68,100,2.17,ID,1696213116
123,tisul',55.7611,88.3122,2.12,66,97,2.64,RU,1696213116
124,uzgen,40.7699,73.3007,14.16,37,93,1.8,KG,1696213117
125,ust-nera,64.5667,143.2,1.79,56,31,2.68,RU,1696213117
126,antofagasta,-23.65,-70.4,15.6,79,40,3.53,CL,1696212963
127,tanah merah,5.8,102.15,25.9,80,90,0.88,MY,1696213118
128,tura,25.5198,90.2201,25.78,91,80,1.69,IN,1696213118
129,pisco,-13.7,-76.2167,18.34,88,0,7.2,PE,1696212861
130,avarua,-21.2078,-159.775,23.03,88,75,5.66,CK,1696213119
131,umba,66.6871,34.3429,6.89,82,98,6.26,RU,1696213119
132,mount isa,-20.7333,139.5,34.87,16,0,5.14,AU,1696213120
133,asau,46.4333,26.4,11.51,80,93,1.42,RO,1696213120
134,jiagedaqi,50.4167,124.1167,13.18,47,4,1.39,CN,1696213120
135,were ilu,10.6,39.4333,10.31,72,37,2.46,ET,1696213121
136,port saint john's,-31.6229,29.5448,15.83,72,53,4.4,ZA,1696213121
137,sezimovo usti,49.3852,14.6848,11.59,78,11,1.67,CZ,1696213121
138,floro,61.5996,5.0328,11.98,87,40,3.6,NO,1696213122
139,qaqortoq,60.7167,-46.0333,2.2,77,100,2.16,GL,1696213122
140,wailua homesteads,22.0669,-159.378,30.24,82,20,5.14,US,1696213122
141,khalkhal,37.6189,48.5258,12.65,63,100,1.62,IR,1696213123
142,freeport,40.6576,-73.5832,22.77,78,0,5.66,US,1696213058
143,san luis rio colorado,32.4631,-114.7767,24.39,32,87,7.83,MX,1696212987
144,kingscliff,-28.2667,153.5667,28.3,53,0,8.75,AU,1696213124
145,whitehorse,60.7161,-135.0538,9.43,66,75,7.2,CA,1696213124
146,port lincoln,-34.7333,135.8667,22.85,45,0,4.75,AU,1696213124
147,hasaki,35.7333,140.8333,24.22,57,98,8.78,JP,1696213125
148,iskateley,67.6803,53.1512,10.57,96,85,3.58,RU,1696213125
149,cidade velha,14.9167,-23.6167,25.26,94,40,2.06,CV,1696213125
150,kupang,-10.1667,123.5833,32.32,48,20,4.12,ID,1696213126
151,priargunsk,50.3691,119.1012,13.32,44,32,2.36,RU,1696213126
152,haiku-pauwela,20.9219,-156.3051,28.01,67,20,11.83,US,1696213126
153,selfoss,63.9331,-20.9971,8.91,75,93,5.37,IS,1696213127
154,choibalsan,48.0667,114.5,14.02,32,100,3.76,MN,1696213127
155,yellowknife,62.456,-114.3525,8.56,98,100,4.63,CA,1696213054
156,margaret river,-33.95,115.0667,10.97,67,97,10.96,AU,1696213128
157,dzilam gonzalez,21.2833,-88.9333,27.15,83,100,2.87,MX,1696213128
158,port alfred,-33.5906,26.891,12.32,87,1,0.89,ZA,1696213128
159,chonchi,-42.6128,-73.8092,6.18,98,90,0.7,CL,1696213129
160,wakkanai,45.4094,141.6739,17.27,64,75,10.8,JP,1696213129
161,vila franca do campo,37.7167,-25.4333,19.93,99,62,3.57,PT,1696213129
162,dudinka,69.4058,86.1778,-9.1,100,52,1.79,RU,1696213130
163,arteche,12.2645,125.4048,31.45,63,99,3.67,PH,1696213130
164,tralee,52.2704,-9.7026,10.54,95,100,2.4,IE,1696213131
165,keflavik,64.0049,-22.5624,8.24,76,0,4.12,IS,1696213131
166,northam,51.0333,-4.2167,15.77,98,100,1.4,GB,1696213131
167,isangel,-19.55,169.2667,23.75,64,89,9.27,VU,1696213132
168,talnakh,69.4865,88.3972,-9.33,96,88,3.58,RU,1696213132
169,tchintabaraden,15.8969,5.7985,28.54,49,51,5.16,NE,1696213132
170,smithers,54.7804,-127.1743,8.18,93,100,1.03,CA,1696213133
171,skovorodino,53.9833,123.9167,11.38,48,15,1.25,RU,1696213133
172,prado,-17.3411,-39.2208,21.72,81,20,2.77,BR,1696212868
173,dryden,49.7833,-92.7503,18.16,94,100,3.6,CA,1696213134
174,sarkand,45.41,79.9186,15.57,28,93,1.72,KZ,1696213134
175,badger,64.8,-147.5333,6.66,72,100,2.57,US,1696213135
176,ceeldheer,3.8488,47.1806,24.96,90,25,5.98,SO,1696213135
177,yanchep,-31.55,115.6833,17.01,61,84,10.08,AU,1696213136
178,sittwe,20.15,92.9,27.09,86,31,5.47,MM,1696213136
179,jiehu,35.5428,118.455,18.18,59,100,1.15,CN,1696213136
180,malvan,16.0667,73.4667,24.41,81,100,2.38,IN,1696213137
181,djibo,14.1022,-1.6306,30.59,50,64,4.71,BF,1696213137
182,greymouth,-42.4667,171.2,10.15,85,98,10.57,NZ,1696213137
183,vorgashor,67.5833,63.95,9.3,96,100,7.1,RU,1696213138
184,saipan,15.1355,145.701,31.39,79,40,6.17,MP,1696213138
185,pagar alam,-4.0167,103.2667,27.63,54,94,0.56,ID,1696213138
186,arusha,-3.3667,36.6833,16.3,89,50,2.27,TZ,1696212932
187,straelen,51.45,6.2667,17.23,96,19,2.57,DE,1696213139
188,padangsidempuan,1.3667,99.2667,26.05,85,99,1.18,ID,1696213139
189,kutum,14.2,24.6667,27.13,41,91,3.63,SD,1696213140
190,sao joao da barra,-21.6403,-41.0511,21.01,96,100,5.39,BR,1696213140
191,greenland,43.0362,-70.8328,16.92,89,0,0.0,US,1696213140
192,slave lake,55.2834,-114.769,11.99,54,40,4.63,CA,1696212865
193,punta arenas,-53.15,-70.9167,1.06,86,20,7.72,CL,1696213063
194,hanceville,34.0607,-86.7675,21.4,74,31,1.83,US,1696213141
195,lakatoro,-16.0999,167.4164,26.12,71,94,8.32,VU,1696213142
196,nova sintra,14.8667,-24.7167,23.75,78,97,3.73,CV,1696213142
197,sitka,57.0531,-135.33,11.94,82,100,3.6,US,1696213143
198,tarko-sale,64.9225,77.785,2.22,100,100,3.58,RU,1696213143
199,ancud,-41.8697,-73.8203,6.28,91,99,1.47,CL,1696213143
200,rio grande,-32.035,-52.0986,9.41,76,2,1.17,BR,1696213144
201,sal rei,16.1833,-22.9167,26.21,85,39,4.29,CV,1696213144
202,tamanrasset,22.785,5.5228,22.95,27,40,0.0,DZ,1696213144
203,port blair,11.6667,92.75,27.02,89,100,5.14,IN,1696213145
204,nicoya,10.1483,-85.452,25.0,94,100,0.94,CR,1696213145
205,monte carmelo,-18.7247,-47.4986,20.93,89,100,3.73,BR,1696213145
206,greenville,35.6127,-77.3663,17.85,95,0,0.0,US,1696213146
207,tazovsky,67.4667,78.7,0.61,97,100,8.07,RU,1696213146
208,mariakani,-3.8633,39.4736,20.27,97,19,2.29,KE,1696213146
209,egilsstadir,65.2653,-14.3948,5.95,93,100,10.8,IS,1696213147
210,stenungsund,58.0705,11.8181,15.72,96,100,5.26,SE,1696213147
211,puerto baquerizo moreno,-0.9,-89.6,22.63,89,100,4.23,EC,1696213147
212,dompu,-8.5356,118.4622,32.66,43,42,2.37,ID,1696213148
213,inhambane,-23.865,35.3833,20.88,61,90,8.46,MZ,1696213148
214,antalaha,-14.9003,50.2788,20.05,90,57,1.66,MG,1696213149
215,arish,31.1316,33.7984,25.11,65,100,4.18,EG,1696213149
216,cannonvale,-20.2833,148.7,23.66,68,17,5.76,AU,1696213149
217,gadzhiyevo,69.2551,33.3362,3.63,96,100,11.05,RU,1696213150
218,tirlyanskiy,54.2109,58.5806,5.11,89,12,2.05,RU,1696213150
219,marka,1.7159,44.7717,25.38,83,25,5.42,SO,1696213150
220,huarmey,-10.0681,-78.1522,19.39,85,71,5.23,PE,1696213151
221,tres arroyos,-38.3739,-60.2798,9.51,59,16,5.11,AR,1696213151
222,bontang,0.1333,117.5,28.49,65,100,2.62,ID,1696213081
223,plymouth,41.8334,-70.8328,15.55,83,0,1.54,US,1696212968
224,windcrest,29.5155,-98.3803,30.21,63,40,4.63,US,1696213152
225,shortandy,51.7006,70.9994,6.92,88,1,4.47,KZ,1696213153
226,lebu,-37.6167,-73.65,8.26,83,74,1.19,CL,1696213153
227,mossel bay,-34.1831,22.146,14.79,66,4,2.66,ZA,1696213153
228,priozersk,61.0393,30.1291,12.28,90,56,3.29,RU,1696213154
229,aruja,-23.3961,-46.3208,18.01,100,100,2.06,BR,1696213154
230,monte alegre de minas,-18.8706,-48.8808,23.67,78,100,3.54,BR,1696213154
231,arnemuiden,51.5,3.6761,18.08,92,100,3.6,NL,1696213155
232,aripuana,-9.1667,-60.6333,26.68,58,79,0.76,BR,1696213155
233,daru,-9.0763,143.2092,27.64,75,78,6.8,PG,1696213155
234,moose jaw,50.4001,-105.5344,9.14,93,100,5.14,CA,1696213155
235,al burayqah,30.4062,19.5739,23.81,63,0,5.71,LY,1696213156
236,durango,24.8333,-104.8333,18.31,70,90,0.63,MX,1696212906
237,labinsk,44.6342,40.7356,15.73,67,100,0.67,RU,1696213157
238,tremonton,41.7119,-112.1655,14.81,59,0,2.06,US,1696213157
239,nha trang,12.25,109.1833,26.0,71,94,0.03,VN,1696213157
240,neftegorsk,52.802,51.166,12.99,64,100,3.59,RU,1696213158
241,tofol,5.3248,163.0078,31.88,70,75,1.54,FM,1696213158
242,san antonio de pale,-1.4014,5.6325,25.09,84,89,4.87,GQ,1696213158
243,cidreira,-30.1811,-50.2056,12.9,70,0,2.28,BR,1696213159
244,tolanaro,-25.0319,46.9987,20.13,80,0,3.32,MG,1696213159
245,guerrero negro,27.9769,-114.0611,20.28,75,47,6.99,MX,1696213159
246,cestos city,5.46,-9.5828,24.84,91,97,3.12,LR,1696213160
247,belen,36.4891,36.2233,14.08,100,40,1.54,TR,1696213160
248,fort william,56.8165,-5.1121,12.39,91,40,2.28,GB,1696213160
249,vernal,40.4555,-109.5287,11.62,76,20,2.06,US,1696213161
250,saint-philippe,-21.3585,55.7679,21.77,75,0,2.58,RE,1696213161
251,greytown,-29.0642,30.5928,8.8,89,100,0.99,ZA,1696213161
252,ilulissat,69.2167,-51.1,-1.99,59,2,1.03,GL,1696213162
253,yinzhu,35.8786,119.9753,22.49,43,55,0.82,CN,1696213162
254,afif,23.9065,42.9172,24.05,19,0,4.48,SA,1696213162
255,upata,8.0086,-62.3989,23.85,85,100,2.03,VE,1696213163
256,sinjai,-5.1241,120.253,30.47,57,81,3.86,ID,1696213163
257,priyutovo,53.9,53.9333,11.33,58,100,4.29,RU,1696213163
258,gizo,-8.103,156.8419,27.39,80,70,7.95,SB,1696213164
259,siwa oasis,29.2041,25.5195,23.35,59,100,3.07,EG,1696213164
260,ta`u,-14.2336,-169.5144,26.61,80,38,9.2,AS,1696213164
261,lagoa,39.05,-27.9833,19.45,68,100,5.14,PT,1696213165
262,krupka,50.6845,13.8582,14.73,76,43,3.58,CZ,1696213165
263,ifrane,33.3333,-5.25,18.04,27,39,3.21,MA,1696213165
264,chernomorskoye,45.5039,32.6997,17.75,76,15,9.05,UA,1696213166
265,richards bay,-28.783,32.0377,17.13,65,91,1.14,ZA,1696212971
266,gore,-46.1028,168.9436,4.61,98,100,8.38,NZ,1696213167
267,gazli,40.1333,63.45,15.33,39,5,2.6,UZ,1696213167
268,sur,22.5667,59.5289,29.98,44,3,1.55,OM,1696213167
269,holualoa,19.6228,-155.9522,26.91,79,75,3.6,US,1696213168
270,vorkuta,67.5,64.0,9.36,96,100,6.61,RU,1696213169
271,sovetskiy,61.3614,63.5842,8.83,83,100,4.92,RU,1696213169
272,st. john's,47.5649,-52.7093,13.32,87,75,8.23,CA,1696213170
273,alo,7.4178,6.7371,23.66,98,100,1.37,NG,1696213170
274,niafunke,15.9322,-3.9906,34.04,28,98,6.15,ML,1696213170
275,malakal,9.5334,31.6605,23.8,88,100,0.76,SS,1696213171
276,fort mcmurray,56.7268,-111.381,8.77,66,0,4.12,CA,1696213017
277,micheweni,-4.9667,39.8333,23.91,83,12,2.94,TZ,1696213173
278,zhanaozen,43.3,52.8,15.41,34,0,4.77,KZ,1696213173
279,ad darb,17.7229,42.2526,28.14,76,0,1.3,SA,1696213173
280,ghat,24.9647,10.1728,25.54,37,3,2.12,LY,1696213174
281,susuman,62.7833,148.1667,1.1,73,15,1.34,RU,1696213174
282,neiafu,-18.65,-173.9833,25.38,65,75,6.17,TO,1696213174
283,murun-kuren,49.6342,100.1625,5.1,94,100,1.31,MN,1696213175
284,sabang,5.8933,95.3214,27.82,76,14,5.81,ID,1696213175
285,nuuk,64.1835,-51.7216,2.34,75,100,0.51,GL,1696213175
286,arkalyk,50.2486,66.9114,10.81,63,100,5.39,KZ,1696213176
287,aykhal,66.0,111.5,0.04,98,100,7.15,RU,1696213176
288,kuta,-8.7233,115.1723,28.97,74,20,4.63,ID,1696212905
289,lihue,21.9789,-159.3672,30.58,78,20,5.14,US,1696213177
290,bodo,67.28,14.405,5.53,100,40,4.63,NO,1696213177
291,colonia,50.9333,6.95,17.12,84,0,1.03,DE,1696213178
292,rechka-vydrino,51.485,104.8461,4.76,63,97,1.74,RU,1696213179
293,portland,45.5234,-122.6762,18.99,56,20,2.57,US,1696212824
294,cabo san lucas,22.8909,-109.9124,30.61,72,0,6.26,MX,1696212550
295,antsohihy,-14.8796,47.9875,22.55,87,62,1.34,MG,1696213180
296,camacupa,-12.0167,17.4833,17.8,66,59,0.64,AO,1696213180
297,sao vicente,-23.9631,-46.3919,22.1,26,100,0.45,BR,1696213180
298,myitkyina,25.3833,97.4,25.63,93,80,0.06,MM,1696213181
299,hobyo,5.3505,48.5268,25.61,89,12,6.93,SO,1696213181
300,malango,-2.9627,119.9001,28.31,49,100,1.89,ID,1696213181
301,rice lake,45.5061,-91.7382,24.18,78,0,3.6,US,1696213182
302,jitra,6.2681,100.4217,28.94,84,20,2.06,MY,1696213182
303,balabac,7.9868,117.0645,28.23,82,100,7.85,PH,1696213182
304,katsuren-haebaru,26.3369,127.8719,31.43,68,75,7.2,JP,1696213183
305,labrador city,52.9463,-66.9114,3.95,93,0,2.57,CA,1696213183
306,la romana,18.4273,-68.9728,27.2,94,20,4.12,DO,1696213184
307,vadso,70.0744,29.7487,3.49,75,20,3.6,NO,1696213184
308,blythe,33.6103,-114.5964,22.25,53,75,3.09,US,1696213184
309,leava,-14.3,-178.1667,25.96,79,83,11.13,WF,1696213185
310,jonesboro,35.8423,-90.7043,24.33,53,0,0.0,US,1696213185
311,castillos,-34.1667,-53.8333,8.01,89,25,2.42,UY,1696213185
312,motueka,-41.1333,173.0167,14.47,83,94,4.42,NZ,1696213186
313,prince rupert,54.3161,-130.3201,11.05,93,100,10.29,CA,1696213186
314,sorong,-0.8833,131.25,28.51,74,100,2.91,ID,1696213186
315,ugoofaaru,5.6667,73.0,27.31,77,100,6.41,MV,1696213187
316,chibougamau,49.9168,-74.3659,11.22,68,4,1.65,CA,1696213187
317,evansville,37.9748,-87.5558,23.03,75,0,0.45,US,1696212914
318,brookings,44.3114,-96.7984,26.0,47,0,5.66,US,1696213188
319,monrovia,6.3005,-10.7969,24.87,89,100,2.67,LR,1696213188
320,inonu,37.3167,33.7667,11.98,75,91,0.62,TR,1696213189
321,tarrafal,15.2833,-23.7667,25.44,80,96,4.35,CV,1696213189
322,newnham,-41.3833,147.1333,17.53,51,0,8.23,AU,1696213189
323,trujillo,-8.116,-79.03,18.98,82,0,3.6,PE,1696212987
324,singkil,-7.9855,111.4161,30.64,45,4,4.36,ID,1696213190
325,petropavlovsk-kamchatsky,53.0452,158.6483,6.33,100,100,2.0,RU,1696213190
326,chodziez,52.995,16.9198,12.43,86,72,1.96,PL,1696213191
327,newman,37.3138,-121.0208,21.99,57,54,2.39,US,1696213191
328,new plymouth,-39.0667,174.0833,14.89,92,100,8.57,NZ,1696213058
329,tafi viejo,-26.732,-65.2592,17.91,55,6,2.57,AR,1696213192
330,lucapa,-8.4192,20.7447,20.47,83,100,0.99,AO,1696213192
331,brisas de zicatela,15.8369,-97.0419,28.29,61,100,1.03,MX,1696213193
332,east london,-33.0153,27.9116,14.48,74,6,6.11,ZA,1696212898
333,urangan,-25.3,152.9,23.67,56,0,1.19,AU,1696213193
334,trinidad,-14.8333,-64.9,28.49,53,100,1.48,BO,1696213193
335,happy valley-goose bay,53.3168,-60.3315,10.17,62,75,5.66,CA,1696213194
336,san ignacio de velasco,-16.3667,-60.95,26.81,56,18,0.94,BO,1696213194
337,ebaye,8.7748,167.7392,31.01,70,40,3.09,MH,1696213195
338,georgetown,5.4112,100.3354,29.97,83,20,1.54,MY,1696213166
339,myslenice,49.8338,19.9383,11.99,69,98,1.57,PL,1696212917
340,natal,-5.795,-35.2094,25.12,78,0,2.57,BR,1696213028
341,amasra,41.7463,32.3863,18.12,87,96,3.65,TR,1696213196
342,quellon,-43.1167,-73.6167,4.71,86,22,0.85,CL,1696212982
343,khilok,51.3674,110.4676,4.75,83,100,3.22,RU,1696213196
344,gornozavodsk,58.3758,58.3211,8.95,80,74,4.23,RU,1696213197
345,fort st. john,56.2499,-120.8529,9.94,62,75,5.66,CA,1696213197
346,mahina,-17.5065,-149.489,28.87,70,40,3.6,PF,1696213197
347,pangoa,-12.1167,-73.0,21.64,90,100,1.2,PE,1696213198
348,anloga,5.7947,0.8973,26.01,86,87,4.33,GH,1696213198
349,banlung,13.7468,107.0045,23.79,94,100,0.28,KH,1696213198
350,bichura,50.5881,107.6022,3.6,95,100,3.13,RU,1696213199
351,ormara,25.2088,64.6357,29.14,41,2,2.28,PK,1696213199
352,akhmim,26.5622,31.745,26.13,40,72,5.35,EG,1696213139
353,saguenay,48.4168,-71.0657,11.16,89,20,1.54,CA,1696212946
354,siteki,-26.45,31.95,12.53,76,98,2.23,SZ,1696213200
355,mezhdurechenskiy,59.6,65.9333,9.06,80,100,4.47,RU,1696213200
356,ibarreta,-25.2144,-59.8585,18.22,47,5,2.98,AR,1696213083
357,forbes,-33.3833,148.0167,33.84,14,9,7.18,AU,1696213201
358,merrill,45.1805,-89.6835,22.24,82,5,2.92,US,1696213202
359,omdurman,15.6445,32.4777,33.46,35,0,3.97,SD,1696213202
360,ivdel',60.6911,60.4206,12.88,79,98,3.17,RU,1696212917
361,gashua,12.871,11.0482,23.81,78,97,1.87,NG,1696213203
362,wanxian,30.8039,108.3897,20.95,93,96,2.21,CN,1696213203
363,fisterra,42.9049,-9.2629,16.53,83,68,5.13,ES,1696213204
364,khash,28.2211,61.2158,17.14,24,0,1.42,IR,1696213204
365,suratgarh,29.3167,73.9,27.45,23,3,1.99,IN,1696213204
366,santa elena de uairen,4.6167,-61.1333,23.13,53,64,0.35,VE,1696213205
367,kirakira,-10.4544,161.9205,28.16,80,78,6.51,SB,1696213205
368,noosa heads,-26.3833,153.15,27.41,56,0,4.09,AU,1696213206
369,inyonga,-6.7167,32.0667,20.61,40,5,2.23,TZ,1696213206
370,iwanai,42.9744,140.5089,14.47,82,93,8.02,JP,1696213206
371,stephenville,32.2207,-98.2023,26.07,42,0,3.09,US,1696213207
372,sint michiel liber,12.15,-68.9833,29.9,79,20,2.57,CW,1696213207
373,hammerfest,70.6634,23.6821,2.25,87,100,3.09,NO,1696213207
374,palmwoods,-26.6833,152.9667,27.15,59,0,3.42,AU,1696213208
375,kuvandyk,51.4781,57.3552,11.98,61,98,1.35,RU,1696213208
376,chernyshevskiy,63.0128,112.4714,-0.73,73,97,5.47,RU,1696213209
377,aasiaat,68.7098,-52.8699,-7.32,81,6,3.73,GL,1696213209
378,vernon,50.2581,-119.2691,13.2,68,19,1.54,CA,1696212994
379,isla mujeres,21.2311,-86.731,26.03,83,93,3.93,MX,1696213054
380,doume,4.2333,13.45,20.05,100,100,1.06,CM,1696213210
381,song cau,13.45,109.2167,29.15,70,100,1.5,VN,1696213211
382,mugia,43.1041,-9.2179,16.62,79,83,4.6,ES,1696213211
383,kapa'a,22.0752,-159.319,30.99,82,20,5.14,US,1696213212
384,svedala,55.5079,13.2352,15.68,96,100,2.57,SE,1696213212
385,dieppe,49.75,1.1667,17.96,84,83,2.01,FR,1696213212
386,haisyn,48.8114,29.3898,10.24,69,26,2.94,UA,1696213213
387,fortuna,40.5982,-124.1573,13.29,84,8,2.7,US,1696213213
388,ola,59.5833,151.2833,11.19,70,44,0.99,RU,1696213213
389,filey,54.21,-0.2892,14.32,92,100,0.45,GB,1696213214
390,coahuayana de hidalgo,18.7,-103.6583,27.4,93,100,1.0,MX,1696213214
391,merizo village,13.2658,144.6691,29.31,78,13,5.78,GU,1696213214
392,svatove,49.4103,38.1503,15.07,57,96,0.63,UA,1696213215
393,imbituba,-28.24,-48.6703,15.85,77,97,4.31,BR,1696213215
394,porto novo,6.4965,2.6036,26.9,89,71,2.31,BJ,1696212973
395,bucak,37.4592,30.595,14.29,83,0,2.72,TR,1696213216
396,chitipa,-9.7024,33.2697,18.13,62,6,3.1,MW,1696213216
397,maintirano,-18.0667,44.0167,25.43,75,2,4.54,MG,1696213216
398,dunedin,-45.8742,170.5036,12.11,62,78,10.73,NZ,1696213178
399,howrah,22.5892,88.3103,28.0,94,75,3.09,IN,1696213217
400,acarau,-2.8856,-40.12,25.45,82,5,6.29,BR,1696213217
401,nilgiri,21.4581,86.7669,26.53,88,98,3.0,IN,1696213218
402,taulaga,-11.0553,-171.0883,27.21,83,100,8.03,AS,1696213218
403,wewak,-3.5534,143.6268,28.51,77,18,1.92,PG,1696213218
404,chateaubourg,48.1112,-1.4002,15.25,89,51,0.45,FR,1696213219
405,palu,-0.8917,119.8707,32.06,62,90,0.83,ID,1696213219
406,al hudaydah,14.7978,42.9545,31.22,61,1,3.69,YE,1696213219
407,pervomayskoye,43.919,46.7102,16.15,77,62,4.47,RU,1696213220
408,farap,39.1704,63.6116,8.0,61,0,0.0,TM,1696213220
409,san borja,-14.8167,-66.85,26.83,70,100,1.93,BO,1696213220
410,seme,15.1942,-12.9448,30.29,58,100,5.88,SN,1696213221
411,khandyga,62.6667,135.6,5.34,94,100,1.63,RU,1696213221
412,cadale,2.7603,46.3222,25.73,85,13,6.1,SO,1696213222
413,villa del totoral,-30.8167,-63.7167,15.2,37,0,2.31,AR,1696213222
414,bengkulu,-3.8004,102.2655,26.49,68,99,2.92,ID,1696213222
415,hailin,44.5833,129.4167,14.9,50,11,3.02,CN,1696213223
416,la passe,45.5549,-0.8967,16.13,63,10,3.44,FR,1696213223
417,puente alto,-33.6167,-70.5833,14.44,73,100,1.45,CL,1696213224
418,san pedro,14.35,121.0167,30.75,87,75,4.63,PH,1696213224
419,strezhevoy,60.7333,77.5889,4.98,78,100,4.92,RU,1696213224
420,hafar al-batin,28.4328,45.9708,27.32,21,0,2.06,SA,1696213225
421,maloye ganyushkino,46.6,49.2667,15.26,56,41,2.4,KZ,1696213225
422,tacuarembo,-31.7333,-55.9833,7.84,83,0,1.42,UY,1696212986
423,naze,28.3667,129.4833,26.51,78,53,7.68,JP,1696213226
424,gusinoozyorsk,51.2833,106.5,5.83,53,100,6.54,RU,1696213226
425,fada,9.5667,8.3,20.47,97,100,0.9,NG,1696213227
426,klaksvik,62.2266,-6.589,10.51,89,96,9.48,FO,1696213227
427,kolonia town,6.964,158.206,31.06,74,100,2.06,FM,1696213227
428,nuku'alofa,-21.1333,-175.2,23.19,53,40,9.26,TO,1696213228
429,lautoka,-17.6167,177.4667,26.92,57,40,7.2,FJ,1696212953
430,coronel dorrego,-38.7187,-61.2873,12.84,51,50,6.86,AR,1696213228
431,sinabang,2.4803,96.3801,26.95,81,100,5.21,ID,1696213229
432,betioky,-23.7167,44.3833,20.12,84,37,1.17,MG,1696213229
433,ladario,-19.0047,-57.6017,29.59,41,92,1.28,BR,1696213229
434,long beach,33.767,-118.1892,19.09,75,0,4.12,US,1696212923
435,tazacorte,28.629,-17.9293,23.54,78,100,4.12,ES,1696213230
436,constitucion,-35.3333,-72.4167,9.71,81,100,2.61,CL,1696213230
437,fort bragg,35.139,-79.006,19.89,88,0,0.0,US,1696213230
438,coquimbo,-29.9533,-71.3436,13.85,76,100,1.54,CL,1696213231
439,suntar,62.1444,117.6319,2.85,93,100,6.26,RU,1696213231
440,la ronge,55.1001,-105.2842,8.14,76,100,2.06,CA,1696213232
441,myski,53.709,87.8014,3.96,81,36,0.27,RU,1696213232
442,tvoroyri,61.5556,-6.8111,10.57,89,100,11.11,FO,1696213232
443,yemetsk,63.4721,41.7941,9.53,95,100,3.72,RU,1696213233
444,mount pleasant,32.7941,-79.8626,20.0,88,0,0.0,US,1696213233
445,treuchtlingen,48.95,10.9167,12.23,82,8,1.72,DE,1696213233
446,kavaratti,10.5669,72.642,27.73,79,100,5.68,IN,1696213234
447,formosa do rio preto,-11.0483,-45.1931,27.62,32,93,1.97,BR,1696213234
448,san mariano,7.5,126.0,30.4,62,100,2.82,PH,1696213234
449,zhosaly,45.4878,64.0781,13.06,53,6,3.63,KZ,1696213235
450,bardai,11.65,7.2333,21.8,86,100,3.4,NG,1696213235
451,boende,-0.2167,20.8667,22.25,96,16,0.71,CD,1696213235
452,flin flon,54.7682,-101.865,4.02,92,100,2.56,CA,1696213236
453,acapulco de juarez,16.8634,-99.8901,27.9,78,100,2.06,MX,1696213236
454,kilindoni,-7.9139,39.6668,24.94,77,53,4.26,TZ,1696213236
455,birjand,32.8663,59.2211,12.26,20,0,4.12,IR,1696213237
456,okhotsk,59.3833,143.3,6.18,82,74,1.47,RU,1696213237
457,syanno,54.8106,29.7069,9.25,94,55,3.94,BY,1696213237
458,tshabong,-26.05,22.45,18.06,44,0,4.34,BW,1696213238
459,kununurra,-15.7667,128.7333,34.99,41,7,2.57,AU,1696213017
460,peronne,49.9333,2.9333,15.92,94,0,2.06,FR,1696213239
461,verkhnevilyuysk,63.4453,120.3167,7.19,84,100,3.13,RU,1696213239
462,dubbo,-32.25,148.6167,34.07,18,7,8.23,AU,1696213239
463,juneau,58.3019,-134.4197,10.68,97,100,5.14,US,1696213117
464,liberal,37.0431,-100.921,22.08,68,0,9.26,US,1696212990
465,zheleznodorozhnyy,55.7503,38.0042,9.48,77,100,2.68,RU,1696213240
466,niepolomice,50.0407,20.2226,12.49,86,97,1.69,PL,1696213241
467,onguday,50.75,86.15,4.61,85,9,0.98,RU,1696213241
468,nueva gerona,21.8833,-82.8,28.96,75,66,2.36,CU,1696213241
469,nova xavantina,-14.6667,-52.35,30.22,40,100,1.11,BR,1696213242
470,dzuunmod,48.2199,97.3744,2.89,74,84,1.51,MN,1696213242
471,mahdia,35.5047,11.0622,23.97,72,15,2.72,TN,1696213242
472,ulety,51.3572,112.4849,9.73,61,100,4.22,RU,1696213243
473,shalqar,47.8333,59.6,12.64,58,6,2.77,KZ,1696213243
474,arraial do cabo,-22.9661,-42.0278,21.09,96,98,3.18,BR,1696213243
475,pereiaslav-khmelnytskyi,50.0877,31.4795,10.81,79,60,3.36,UA,1696213244
476,keningau,5.3378,116.1602,29.39,64,98,0.82,MY,1696213244
477,rosetta,31.4044,30.4164,24.37,61,100,5.4,EG,1696212996
478,urumqi,43.801,87.6005,14.53,44,0,4.0,CN,1696213004
479,vershino-darasunskiy,52.35,115.5167,10.93,42,100,2.48,RU,1696213245
480,rhar el melah,37.1694,10.1906,19.82,71,0,1.31,TN,1696213245
481,at taj,24.2049,23.2857,25.02,35,100,3.67,LY,1696213246
482,nizhneudinsk,54.9076,99.0276,3.03,61,99,0.4,RU,1696213246
483,nikolayevsk-on-amure,53.1406,140.73,9.65,97,100,3.81,RU,1696213247
484,sungai penuh,-2.0833,101.3833,23.05,76,99,0.53,ID,1696213247
485,codrington,-38.2667,141.9667,21.78,43,0,6.42,AU,1696213247
486,vilyuchinsk,52.9306,158.4028,7.15,95,100,6.46,RU,1696213248
487,vila velha,-20.3297,-40.2925,22.19,90,0,4.92,BR,1696213248
488,moyo,3.6609,31.7247,18.24,97,73,1.17,UG,1696213248
489,berani,25.785,68.8069,27.64,14,7,1.32,PK,1696213249
490,kayangel,8.0823,134.7173,28.22,75,94,1.35,PW,1696213249
491,devonport,-41.1667,146.35,16.4,69,5,0.45,AU,1696213250
492,jiuquan,39.7432,98.5174,15.62,31,0,1.51,CN,1696213250
493,mogocha,53.7333,119.7667,9.86,54,45,1.34,RU,1696213250
494,burao,9.5221,45.5336,23.94,51,23,1.54,SO,1696213251
495,santiago do cacem,38.0169,-8.6948,18.91,86,1,0.79,PT,1696213251
496,berezovyy,51.6667,135.7,8.2,89,100,3.0,RU,1696213251
497,conduaga,8.862,117.4893,27.97,83,98,5.15,PH,1696213252
498,penha,-26.7694,-48.6458,17.93,88,100,3.6,BR,1696213253
499,kisangani,0.5167,25.2,21.1,98,91,0.51,CD,1696213253
500,raja,8.4596,25.678,21.9,93,98,1.11,SS,1696213253
501,marsa alam,25.0757,34.8918,28.75,51,23,5.52,EG,1696213254
502,geraldton,-28.7667,114.6,20.23,49,100,8.23,AU,1696213254
503,inongo,-1.95,18.2667,21.67,93,12,0.61,CD,1696213254
504,maiduguri,11.8464,13.1603,24.93,72,100,0.77,NG,1696213255
505,gorizia,45.9167,13.5,19.7,82,3,2.1,IT,1696213255
506,beihai,21.4833,109.1,29.34,72,24,3.33,CN,1696213255
507,sandnessjoen,66.0217,12.6316,8.47,70,100,2.9,NO,1696213256
508,ina,35.8276,137.9538,21.5,66,78,1.58,JP,1696212975
509,balassagyarmat,48.073,19.2961,11.6,69,44,0.58,HU,1696213256
510,menongue,-14.6585,17.691,16.95,74,6,2.04,AO,1696213257
511,puerto armuelles,8.2833,-82.8667,27.27,85,100,2.24,PA,1696213257
512,saudarkrokur,65.7461,-19.6394,6.2,89,100,4.64,IS,1696213257
513,along,28.1667,94.7667,25.7,91,92,0.45,IN,1696213258
514,gaspe,48.8334,-64.4819,10.95,71,0,2.57,CA,1696213258
515,lijiang,26.8688,100.2207,16.64,93,100,1.59,CN,1696213258
516,kailua-kona,19.6406,-155.9956,28.98,78,75,3.6,US,1696212991
517,bull savanna,17.8868,-77.5902,27.03,76,64,0.88,JM,1696213259
518,sarmiento,-45.5882,-69.07,8.82,48,74,7.34,AR,1696213259
519,hollister,36.8525,-121.4016,17.88,72,20,4.63,US,1696213260
520,thoen,17.6129,99.2161,25.24,90,100,0.54,TH,1696213260
521,horta,38.5333,-28.6333,18.9,74,100,2.24,PT,1696213261
522,vrangel',42.7297,133.0839,16.89,46,3,6.08,RU,1696213261
523,multan,30.1956,71.4753,23.94,69,0,4.12,PK,1696213262
524,novyy urengoy,66.0833,76.6333,2.96,99,100,5.11,RU,1696213262
525,kashary,49.04,41.0056,13.29,48,100,2.05,RU,1696213263
526,san sebastian de la gomera,28.0916,-17.1133,26.2,38,0,1.54,ES,1696213263
527,qoryooley,1.7878,44.53,24.47,84,18,4.07,SO,1696213263
528,tamandare,-8.7597,-35.1047,22.85,78,1,2.07,BR,1696213264
529,jupiter,26.9342,-80.0942,28.01,81,94,2.68,US,1696213088
530,rawlins,41.7911,-107.2387,14.64,41,20,3.09,US,1696213263
531,williams lake,52.1415,-122.1445,12.76,57,100,4.63,CA,1696213265
532,bubaque,11.2833,-15.8333,27.9,82,99,3.81,GW,1696213265
533,mount pearl,47.5166,-52.7813,12.86,87,75,8.23,CA,1696213265
534,tsiombe,-25.3,45.4833,20.51,91,47,3.0,MG,1696213266
535,kourou,5.1552,-52.6478,27.03,78,53,5.74,GF,1696213266
536,whangarei,-35.7317,174.3239,22.46,27,0,3.93,NZ,1696212999
537,kuqa,41.7278,82.9364,19.06,34,8,1.02,CN,1696213267
538,la'ie,21.6477,-157.9253,30.98,72,12,4.02,US,1696213267
539,longjiang,47.3303,123.1836,15.53,45,0,1.26,CN,1696213267
540,dubrovytsya,51.5744,26.565,9.12,81,15,2.92,UA,1696213268
541,weining,26.85,104.2333,16.83,85,99,3.79,CN,1696213268
542,fiambala,-27.6871,-67.6149,16.75,29,0,0.26,AR,1696213268
543,venkatagiri,13.9667,79.5833,27.26,60,99,2.77,IN,1696213269
544,crane,31.3974,-102.3501,25.7,57,1,9.01,US,1696213269
545,palestine,31.9216,35.2033,19.68,87,100,4.36,PS,1696213270
546,varna,43.2167,27.9167,16.08,59,40,3.09,BG,1696213270
547,ciudad tula,23.0,-99.7167,20.74,80,28,2.18,MX,1696213270
548,ust'-ilimsk,58.0006,102.6619,-1.42,83,89,4.02,RU,1696213271
549,itamaraca,-7.7478,-34.8256,26.03,75,11,2.83,BR,1696213271
550,motygino,58.1831,94.7592,0.44,72,98,2.68,RU,1696213271
551,saint-pierre,-21.3393,55.4781,21.82,56,0,3.6,RE,1696213272
552,wajir,1.7471,40.0573,23.9,66,0,6.39,KE,1696213272
553,concepcion del oro,24.6333,-101.4167,20.89,46,87,6.31,MX,1696213272
554,kashgar,39.4547,75.9797,17.56,31,75,3.0,CN,1696213273
555,mont-tremblant,46.1949,-74.6264,14.09,93,30,0.0,CA,1696213140
556,cam ranh,11.9214,109.1591,25.98,94,75,0.51,VN,1696213273
557,sicuani,-14.2694,-71.2261,11.4,68,40,3.06,PE,1696213274
558,mount gambier,-37.8333,140.7667,22.51,35,0,5.12,AU,1696213274
559,road town,18.4167,-64.6167,29.05,84,40,3.6,VG,1696213275
560,makoua,0.0069,15.6333,23.02,97,99,1.22,CG,1696213275
561,taourirt,34.4073,-2.8973,22.1,65,0,0.76,MA,1696213276
562,page,36.9147,-111.4558,17.88,50,75,3.13,US,1696213276
563,khasab,26.1799,56.2477,29.02,67,0,1.6,OM,1696213276
564,inarajan village,13.2736,144.7484,29.66,79,17,6.15,GU,1696213277
565,abepura,-2.6333,140.5833,31.45,55,20,1.54,ID,1696213277
566,thabazimbi,-24.5917,27.4116,15.74,71,0,1.83,ZA,1696213278
567,aleshtar,33.8633,48.2619,15.02,43,64,0.8,IR,1696213278
568,dinguiraye,11.3,-10.7167,22.55,90,100,0.75,GN,1696213278
569,molina,-35.1167,-71.2833,10.85,93,100,2.06,CL,1696213201
570,tongliao,43.6125,122.2653,20.87,22,8,3.32,CN,1696213279
571,hlukhiv,51.6782,33.9162,8.66,88,99,3.1,UA,1696213279
572,bousso,10.4795,16.7117,24.72,80,100,1.9,TD,1696213280
573,zemio,5.0314,25.1361,20.96,96,100,0.36,CF,1696213280
574,nsanje,-16.92,35.262,24.68,78,58,3.5,MW,1696213280
575,kangaba,11.9333,-8.4167,23.79,84,100,0.13,ML,1696213281
576,kiunga,-6.1219,141.2906,27.3,91,79,1.47,PG,1696213281
577,revelstoke,50.9832,-118.2023,9.01,87,0,1.03,CA,1696213044
578,revda,56.801,59.9303,8.48,77,17,4.53,RU,1696213201
579,borivli,19.2333,72.85,26.95,94,75,1.54,IN,1696213117
580,nadym,65.5333,72.5167,6.95,96,100,6.04,RU,1696213282
581,labasa,-16.4167,179.3833,26.73,54,95,6.28,FJ,1696213282
582,lae,-6.7221,146.9847,31.37,72,27,3.78,PG,1696213283
583,virginia,37.5481,-77.4467,18.47,93,0,0.0,US,1696213207
584,laojunmiao,39.8333,97.7333,12.98,28,0,1.75,CN,1696213283
585,baikonur,45.6167,63.3167,12.79,56,1,3.74,KZ,1696213284
586,souq larb'a al gharb,34.6866,-6.0027,23.67,49,16,1.32,MA,1696213285
587,rongelap,11.1635,166.8941,29.04,74,55,6.35,MH,1696213285
588,chegdomyn,51.1167,133.0167,9.07,74,100,1.79,RU,1696213285
589,bac lieu,9.285,105.7244,27.02,81,100,5.06,VN,1696213018
590,ogdensburg,44.6942,-75.4863,20.25,78,100,1.54,US,1696213286
591,nahorkatiya,27.2833,95.3333,27.92,97,100,1.15,IN,1696213286
592,hami,42.8,93.45,17.46,37,0,4.86,CN,1696213287
593,turabah,21.2141,41.6331,23.86,17,0,3.0,SA,1696213287
594,diego martin,10.7005,-61.5342,25.88,87,100,2.63,TT,1696213288
595,hurghada,27.2574,33.8129,26.45,57,78,10.25,EG,1696213288
596,murzuq,25.9155,13.9184,24.81,38,3,3.12,LY,1696213288
597,narvik,68.4384,17.4272,5.77,98,100,0.78,NO,1696213289
598,pitman,39.7329,-75.1316,20.96,82,0,2.06,US,1696213289
